{
    "CRT/EGLD": 6.8480344548367e-05,
    "floorPrice": {
        "genesis": {
            "Bronze": {
                "count": 5687,
                "percent": 0.349861581051984,
                "floorPrice": 0.34
            },
            "Epic": {
                "count": 2034,
                "percent": 0.12513072900645955,
                "floorPrice": 1.212
            },
            "Gold": {
                "count": 2848,
                "percent": 0.175207628422024,
                "floorPrice": 0.595
            },
            "Legendary": {
                "count": 809,
                "percent": 0.049769301753306676,
                "floorPrice": 4.0
            },
            "Silver": {
                "count": 4877,
                "percent": 0.3000307597662258,
                "floorPrice": 0.41000000000000003
            }
        },
        "heroes": {
            "Epic": {
                "count": 190,
                "percent": 0.31666666666666665,
                "floorPrice": 1.98
            },
            "Gold": {
                "count": 350,
                "percent": 0.5833333333333334,
                "floorPrice": 2.9
            },
            "Legendary": {
                "count": 60,
                "percent": 0.1,
                "floorPrice": 19.0
            }
        },
        "weapons": {
            "Boomstick-X": {
                "count1*": 16997,
                "floorPrice": 0.013127572016460904,
                "percent1*": 0.21393598409042278
            },
            "Tesla Gun X": {
                "count1*": 16358,
                "floorPrice": 0.0024444444444444444,
                "percent1*": 0.20589308864806355
            },
            "Blaster-X": {
                "count1*": 16272,
                "floorPrice": 0.0026666666666666666,
                "percent1*": 0.20481063323641582
            },
            "Mortar Gun X": {
                "count1*": 16249,
                "floorPrice": 0.007777777777777778,
                "percent1*": 0.20452113934725422
            },
            "Railgun-X": {
                "count1*": 13573,
                "floorPrice": 0.000925925925925926,
                "percent1*": 0.17083915467784364
            },
            "Dragonbreath": {
                "count1*": 3986,
                "floorPrice": 0.036049382716049384,
                "percent1*": 0.587905604719764
            },
            "Skybreaker": {
                "count1*": 1420,
                "floorPrice": 0.08333333333333333,
                "percent1*": 0.20943952802359883
            },
            "Hellfire Launcher": {
                "count1*": 1371,
                "floorPrice": 0.25,
                "percent1*": 0.20221238938053096
            },
            "Titan Shredder": {
                "count1*": 3,
                "floorPrice": 114.25,
                "percent1*": 0.0004424778761061947
            }
        }
    }
}