{
    "CRT/EGLD": 0.00011864292738684,
    "floorPrice": {
        "genesis": {
            "Bronze": {
                "count": 5686,
                "percent": 0.3498431058881437,
                "floorPrice": 0.65
            },
            "Epic": {
                "count": 2034,
                "percent": 0.12514612686888574,
                "floorPrice": 2.674
            },
            "Gold": {
                "count": 2848,
                "percent": 0.17522918845751553,
                "floorPrice": 1.5
            },
            "Legendary": {
                "count": 809,
                "percent": 0.04977542607518612,
                "floorPrice": 8.0
            },
            "Silver": {
                "count": 4876,
                "percent": 0.30000615271026887,
                "floorPrice": 0.747
            }
        },
        "heroes": {
            "Epic": {
                "count": 190,
                "percent": 0.31666666666666665,
                "floorPrice": 7.8
            },
            "Gold": {
                "count": 350,
                "percent": 0.5833333333333334,
                "floorPrice": 4.38
            },
            "Legendary": {
                "count": 60,
                "percent": 0.1,
                "floorPrice": 25.549999999999997
            }
        },
        "weapons": {
            "Boomstick-X": {
                "count1*": 15663,
                "floorPrice": 0.08333333333333333,
                "percent1*": 0.21737561584900422
            },
            "Tesla Gun X": {
                "count1*": 14994,
                "floorPrice": 0.06666666666666667,
                "percent1*": 0.2080910415654708
            },
            "Blaster-X": {
                "count1*": 14795,
                "floorPrice": 0.06,
                "percent1*": 0.20532926236902366
            },
            "Mortar Gun X": {
                "count1*": 14651,
                "floorPrice": 0.03333333333333333,
                "percent1*": 0.20333078898063978
            },
            "Railgun-X": {
                "count1*": 11952,
                "floorPrice": 0.03666666666666667,
                "percent1*": 0.1658732912358615
            },
            "Dragonbreath": {
                "count1*": 3844,
                "floorPrice": 0.36666666666666664,
                "percent1*": 0.5982879377431907
            },
            "Hellfire Launcher": {
                "count1*": 1371,
                "floorPrice": 0.8333333333333334,
                "percent1*": 0.2133852140077821
            },
            "Skybreaker": {
                "count1*": 1207,
                "floorPrice": 0.3333333333333333,
                "percent1*": 0.18785992217898834
            },
            "Titan Shredder": {
                "count1*": 3,
                "floorPrice": 134.11111111111111,
                "percent1*": 0.0004669260700389105
            }
        }
    }
}