{
    "CRT/EGLD": 0.00011809858377501,
    "floorPrice": {
        "genesis": {
            "Bronze": {
                "count": 5686,
                "percent": 0.3498646320452867,
                "floorPrice": 0.75
            },
            "Epic": {
                "count": 2034,
                "percent": 0.12515382722126508,
                "floorPrice": 2.674
            },
            "Gold": {
                "count": 2848,
                "percent": 0.1752399704651735,
                "floorPrice": 1.584
            },
            "Legendary": {
                "count": 808,
                "percent": 0.04971695791287226,
                "floorPrice": 8.0
            },
            "Silver": {
                "count": 4876,
                "percent": 0.3000246123554024,
                "floorPrice": 0.65
            }
        },
        "heroes": {
            "Epic": {
                "count": 190,
                "percent": 0.31666666666666665,
                "floorPrice": 8.33
            },
            "Gold": {
                "count": 350,
                "percent": 0.5833333333333334,
                "floorPrice": 4.38
            },
            "Legendary": {
                "count": 60,
                "percent": 0.1,
                "floorPrice": 25.549999999999997
            }
        },
        "weapons": {
            "Boomstick-X": {
                "count1*": 15557,
                "floorPrice": 0.10000000000000002,
                "percent1*": 0.21774182260976668
            },
            "Tesla Gun X": {
                "count1*": 14901,
                "floorPrice": 0.049999999999999996,
                "percent1*": 0.2085601914706006
            },
            "Blaster-X": {
                "count1*": 14701,
                "floorPrice": 0.05555555555555555,
                "percent1*": 0.20576091368426946
            },
            "Mortar Gun X": {
                "count1*": 14541,
                "floorPrice": 0.031111111111111114,
                "percent1*": 0.20352149145520457
            },
            "Railgun-X": {
                "count1*": 11747,
                "floorPrice": 0.026666666666666665,
                "percent1*": 0.16441558078015872
            },
            "Dragonbreath": {
                "count1*": 3851,
                "floorPrice": 0.3333333333333333,
                "percent1*": 0.6141945773524721
            },
            "Hellfire Launcher": {
                "count1*": 1290,
                "floorPrice": 0.43222222222222223,
                "percent1*": 0.20574162679425836
            },
            "Skybreaker": {
                "count1*": 1126,
                "floorPrice": 0.3666666666666667,
                "percent1*": 0.17958532695374801
            },
            "Titan Shredder": {
                "count1*": 3,
                "floorPrice": 137.62222222222223,
                "percent1*": 0.0004784688995215311
            }
        }
    }
}