{
    "CRT/EGLD": 6.87751399013e-05,
    "floorPrice": {
        "genesis": {
            "Bronze": {
                "count": 5687,
                "percent": 0.349861581051984,
                "floorPrice": 0.25
            },
            "Epic": {
                "count": 2034,
                "percent": 0.12513072900645955,
                "floorPrice": 1.06
            },
            "Gold": {
                "count": 2848,
                "percent": 0.175207628422024,
                "floorPrice": 0.54
            },
            "Legendary": {
                "count": 809,
                "percent": 0.049769301753306676,
                "floorPrice": 3.2
            },
            "Silver": {
                "count": 4877,
                "percent": 0.3000307597662258,
                "floorPrice": 0.25
            }
        },
        "heroes": {
            "Epic": {
                "count": 190,
                "percent": 0.31666666666666665,
                "floorPrice": 1.6800000000000002
            },
            "Gold": {
                "count": 350,
                "percent": 0.5833333333333334,
                "floorPrice": 2.5
            },
            "Legendary": {
                "count": 60,
                "percent": 0.1,
                "floorPrice": 3.92
            }
        },
        "weapons": {
            "Boomstick-X": {
                "count1*": 16887,
                "floorPrice": 0.01074074074074074,
                "percent1*": 0.21407111618178362
            },
            "Tesla Gun X": {
                "count1*": 16259,
                "floorPrice": 0.007777777777777778,
                "percent1*": 0.20611016036001775
            },
            "Blaster-X": {
                "count1*": 16182,
                "floorPrice": 0.009259259259259259,
                "percent1*": 0.20513405590416428
            },
            "Mortar Gun X": {
                "count1*": 16157,
                "floorPrice": 0.007777777777777778,
                "percent1*": 0.20481713887304304
            },
            "Railgun-X": {
                "count1*": 13400,
                "floorPrice": 0.0013703703703703703,
                "percent1*": 0.1698675286809913
            },
            "Dragonbreath": {
                "count1*": 3986,
                "floorPrice": 0.11777777777777779,
                "percent1*": 0.587905604719764
            },
            "Skybreaker": {
                "count1*": 1420,
                "floorPrice": 0.03111111111111111,
                "percent1*": 0.20943952802359883
            },
            "Hellfire Launcher": {
                "count1*": 1371,
                "floorPrice": 0.25,
                "percent1*": 0.20221238938053096
            },
            "Titan Shredder": {
                "count1*": 3,
                "floorPrice": 114.25,
                "percent1*": 0.0004424778761061947
            }
        }
    }
}