{
    "CRT/EGLD": 0.00011585938026154,
    "floorPrice": {
        "genesis": {
            "Bronze": {
                "count": 5686,
                "percent": 0.3498646320452867,
                "floorPrice": 0.61
            },
            "Epic": {
                "count": 2034,
                "percent": 0.12515382722126508,
                "floorPrice": 2.48
            },
            "Gold": {
                "count": 2848,
                "percent": 0.1752399704651735,
                "floorPrice": 1.35
            },
            "Legendary": {
                "count": 808,
                "percent": 0.04971695791287226,
                "floorPrice": 6.5
            },
            "Silver": {
                "count": 4876,
                "percent": 0.3000246123554024,
                "floorPrice": 0.7000000000000001
            }
        },
        "heroes": {
            "Epic": {
                "count": 190,
                "percent": 0.31666666666666665,
                "floorPrice": 6.3
            },
            "Gold": {
                "count": 350,
                "percent": 0.5833333333333334,
                "floorPrice": 4.46
            },
            "Legendary": {
                "count": 60,
                "percent": 0.1,
                "floorPrice": 26.016666666666666
            }
        },
        "weapons": {
            "Boomstick-X": {
                "count1*": 15209,
                "floorPrice": 0.05555555555555555,
                "percent1*": 0.2181972081545988
            },
            "Tesla Gun X": {
                "count1*": 14604,
                "floorPrice": 0.043333333333333335,
                "percent1*": 0.20951752435332768
            },
            "Blaster-X": {
                "count1*": 14371,
                "floorPrice": 0.06666666666666667,
                "percent1*": 0.20617477009597865
            },
            "Mortar Gun X": {
                "count1*": 14249,
                "floorPrice": 0.022222222222222223,
                "percent1*": 0.20442448675092895
            },
            "Railgun-X": {
                "count1*": 11270,
                "floorPrice": 0.027777777777777776,
                "percent1*": 0.1616860106451659
            },
            "Dragonbreath": {
                "count1*": 3452,
                "floorPrice": 0.5333333333333333,
                "percent1*": 0.6234422972728915
            },
            "Hellfire Launcher": {
                "count1*": 1293,
                "floorPrice": 0.4666666666666667,
                "percent1*": 0.23351995665522846
            },
            "Skybreaker": {
                "count1*": 789,
                "floorPrice": 0.45,
                "percent1*": 0.14249593642766842
            },
            "Titan Shredder": {
                "count1*": 3,
                "floorPrice": 118.35000000000001,
                "percent1*": 0.000541809644211667
            }
        }
    }
}