{
    "CRT/EGLD": 0.00011932354053817,
    "floorPrice": {
        "genesis": {
            "Bronze": {
                "count": 5686,
                "percent": 0.3498431058881437,
                "floorPrice": 0.591
            },
            "Epic": {
                "count": 2034,
                "percent": 0.12514612686888574,
                "floorPrice": 2.68
            },
            "Gold": {
                "count": 2848,
                "percent": 0.17522918845751553,
                "floorPrice": 1.5
            },
            "Legendary": {
                "count": 809,
                "percent": 0.04977542607518612,
                "floorPrice": 8.0
            },
            "Silver": {
                "count": 4876,
                "percent": 0.30000615271026887,
                "floorPrice": 0.65
            }
        },
        "heroes": {
            "Epic": {
                "count": 190,
                "percent": 0.31666666666666665,
                "floorPrice": 8.33
            },
            "Gold": {
                "count": 350,
                "percent": 0.5833333333333334,
                "floorPrice": 4.38
            },
            "Legendary": {
                "count": 60,
                "percent": 0.1,
                "floorPrice": 25.549999999999997
            }
        },
        "weapons": {
            "Boomstick-X": {
                "count1*": 15663,
                "floorPrice": 0.08148148148148149,
                "percent1*": 0.21723994452149792
            },
            "Tesla Gun X": {
                "count1*": 14994,
                "floorPrice": 0.06666666666666667,
                "percent1*": 0.2079611650485437
            },
            "Blaster-X": {
                "count1*": 14849,
                "floorPrice": 0.06,
                "percent1*": 0.2059500693481276
            },
            "Mortar Gun X": {
                "count1*": 14648,
                "floorPrice": 0.03333333333333333,
                "percent1*": 0.2031622746185853
            },
            "Railgun-X": {
                "count1*": 11946,
                "floorPrice": 0.026666666666666665,
                "percent1*": 0.1656865464632455
            },
            "Dragonbreath": {
                "count1*": 3844,
                "floorPrice": 0.36666666666666664,
                "percent1*": 0.6059268600252207
            },
            "Hellfire Launcher": {
                "count1*": 1290,
                "floorPrice": 0.8333333333333334,
                "percent1*": 0.20334174022698612
            },
            "Skybreaker": {
                "count1*": 1207,
                "floorPrice": 0.3333333333333333,
                "percent1*": 0.19025851197982346
            },
            "Titan Shredder": {
                "count1*": 3,
                "floorPrice": 134.11111111111111,
                "percent1*": 0.0004728877679697352
            }
        }
    }
}