{
    "CRT/EGLD": 0.00011824170224278,
    "floorPrice": {
        "genesis": {
            "Bronze": {
                "count": 5686,
                "percent": 0.3498646320452867,
                "floorPrice": 0.75
            },
            "Epic": {
                "count": 2034,
                "percent": 0.12515382722126508,
                "floorPrice": 2.674
            },
            "Gold": {
                "count": 2848,
                "percent": 0.1752399704651735,
                "floorPrice": 1.584
            },
            "Legendary": {
                "count": 808,
                "percent": 0.04971695791287226,
                "floorPrice": 8.0
            },
            "Silver": {
                "count": 4876,
                "percent": 0.3000246123554024,
                "floorPrice": 0.65
            }
        },
        "heroes": {
            "Epic": {
                "count": 190,
                "percent": 0.31666666666666665,
                "floorPrice": 8.33
            },
            "Gold": {
                "count": 350,
                "percent": 0.5833333333333334,
                "floorPrice": 4.38
            },
            "Legendary": {
                "count": 60,
                "percent": 0.1,
                "floorPrice": 25.549999999999997
            }
        },
        "weapons": {
            "Boomstick-X": {
                "count1*": 15557,
                "floorPrice": 0.1,
                "percent1*": 0.21768697964038342
            },
            "Tesla Gun X": {
                "count1*": 14919,
                "floorPrice": 0.05,
                "percent1*": 0.20875953263835445
            },
            "Blaster-X": {
                "count1*": 14701,
                "floorPrice": 0.05555555555555555,
                "percent1*": 0.20570908836493387
            },
            "Mortar Gun X": {
                "count1*": 14541,
                "floorPrice": 0.031111111111111114,
                "percent1*": 0.20347023018260688
            },
            "Railgun-X": {
                "count1*": 11747,
                "floorPrice": 0.026666666666666665,
                "percent1*": 0.1643741691737214
            },
            "Dragonbreath": {
                "count1*": 3851,
                "floorPrice": 0.33111111111111113,
                "percent1*": 0.5912789805005374
            },
            "Hellfire Launcher": {
                "count1*": 1452,
                "floorPrice": 0.43222222222222223,
                "percent1*": 0.22293873790879778
            },
            "Skybreaker": {
                "count1*": 1207,
                "floorPrice": 0.3666666666666667,
                "percent1*": 0.18532166436358052
            },
            "Titan Shredder": {
                "count1*": 3,
                "floorPrice": 147.52222222222224,
                "percent1*": 0.00046061722708429296
            }
        }
    }
}