{
    "CRT/EGLD": 0.00011656821514838,
    "floorPrice": {
        "genesis": {
            "Bronze": {
                "count": 5686,
                "percent": 0.3498646320452867,
                "floorPrice": 0.61
            },
            "Epic": {
                "count": 2034,
                "percent": 0.12515382722126508,
                "floorPrice": 2.48
            },
            "Gold": {
                "count": 2848,
                "percent": 0.1752399704651735,
                "floorPrice": 1.35
            },
            "Legendary": {
                "count": 808,
                "percent": 0.04971695791287226,
                "floorPrice": 6.5
            },
            "Silver": {
                "count": 4876,
                "percent": 0.3000246123554024,
                "floorPrice": 0.7000000000000001
            }
        },
        "heroes": {
            "Epic": {
                "count": 190,
                "percent": 0.31666666666666665,
                "floorPrice": 6.3
            },
            "Gold": {
                "count": 350,
                "percent": 0.5833333333333334,
                "floorPrice": 4.46
            },
            "Legendary": {
                "count": 60,
                "percent": 0.1,
                "floorPrice": 26.016666666666666
            }
        },
        "weapons": {
            "Boomstick-X": {
                "count1*": 15332,
                "floorPrice": 0.07407407407407407,
                "percent1*": 0.2181466357440633
            },
            "Tesla Gun X": {
                "count1*": 14712,
                "floorPrice": 0.05777777777777778,
                "percent1*": 0.20932515686581393
            },
            "Blaster-X": {
                "count1*": 14458,
                "floorPrice": 0.05555555555555555,
                "percent1*": 0.2057111961640795
            },
            "Mortar Gun X": {
                "count1*": 14359,
                "floorPrice": 0.022222222222222223,
                "percent1*": 0.20430260518190743
            },
            "Railgun-X": {
                "count1*": 11422,
                "floorPrice": 0.03222222222222222,
                "percent1*": 0.16251440604413586
            },
            "Dragonbreath": {
                "count1*": 3610,
                "floorPrice": 0.4525925925925926,
                "percent1*": 0.6183624528948269
            },
            "Hellfire Launcher": {
                "count1*": 1293,
                "floorPrice": 0.4722222222222222,
                "percent1*": 0.22147995889003083
            },
            "Skybreaker": {
                "count1*": 932,
                "floorPrice": 0.3333333333333333,
                "percent1*": 0.15964371360054813
            },
            "Titan Shredder": {
                "count1*": 3,
                "floorPrice": 103.55555555555556,
                "percent1*": 0.0005138746145940391
            }
        }
    }
}