{
    "CRT/EGLD": 0.00011958877904822,
    "floorPrice": {
        "genesis": {
            "Bronze": {
                "count": 5686,
                "percent": 0.3498431058881437,
                "floorPrice": 0.65
            },
            "Epic": {
                "count": 2034,
                "percent": 0.12514612686888574,
                "floorPrice": 2.654
            },
            "Gold": {
                "count": 2848,
                "percent": 0.17522918845751553,
                "floorPrice": 1.5
            },
            "Legendary": {
                "count": 809,
                "percent": 0.04977542607518612,
                "floorPrice": 8.0
            },
            "Silver": {
                "count": 4876,
                "percent": 0.30000615271026887,
                "floorPrice": 0.747
            }
        },
        "heroes": {
            "Epic": {
                "count": 190,
                "percent": 0.31666666666666665,
                "floorPrice": 7.8
            },
            "Gold": {
                "count": 350,
                "percent": 0.5833333333333334,
                "floorPrice": 4.2
            },
            "Legendary": {
                "count": 60,
                "percent": 0.1,
                "floorPrice": 24.5
            }
        },
        "weapons": {
            "Boomstick-X": {
                "count1*": 15756,
                "floorPrice": 0.06999999999999999,
                "percent1*": 0.2164374905559295
            },
            "Blaster-X": {
                "count1*": 15193,
                "floorPrice": 0.0525514403292181,
                "percent1*": 0.2087036553704136
            },
            "Tesla Gun X": {
                "count1*": 15091,
                "floorPrice": 0.06999999999999999,
                "percent1*": 0.20730249872934325
            },
            "Mortar Gun X": {
                "count1*": 14732,
                "floorPrice": 0.03333333333333333,
                "percent1*": 0.2023709768259681
            },
            "Railgun-X": {
                "count1*": 12025,
                "floorPrice": 0.03333333333333333,
                "percent1*": 0.16518537851834553
            },
            "Dragonbreath": {
                "count1*": 3844,
                "floorPrice": 0.35,
                "percent1*": 0.5982879377431907
            },
            "Hellfire Launcher": {
                "count1*": 1371,
                "floorPrice": 0.7666666666666666,
                "percent1*": 0.2133852140077821
            },
            "Skybreaker": {
                "count1*": 1207,
                "floorPrice": 0.35000000000000003,
                "percent1*": 0.18785992217898834
            },
            "Titan Shredder": {
                "count1*": 3,
                "floorPrice": 140.8166666666667,
                "percent1*": 0.0004669260700389105
            }
        }
    }
}