{
    "CRT/EGLD": 0.00011125059380638,
    "floorPrice": {
        "genesis": {
            "Bronze": {
                "count": 5686,
                "percent": 0.34988616085163987,
                "floorPrice": 0.64
            },
            "Epic": {
                "count": 2034,
                "percent": 0.12516152852132176,
                "floorPrice": 2.48
            },
            "Gold": {
                "count": 2848,
                "percent": 0.17525075379976618,
                "floorPrice": 1.4
            },
            "Legendary": {
                "count": 808,
                "percent": 0.04972001722970894,
                "floorPrice": 6.4
            },
            "Silver": {
                "count": 4875,
                "percent": 0.29998153959756324,
                "floorPrice": 0.7000000000000001
            }
        },
        "heroes": {
            "Epic": {
                "count": 190,
                "percent": 0.31666666666666665,
                "floorPrice": 6.3
            },
            "Gold": {
                "count": 350,
                "percent": 0.5833333333333334,
                "floorPrice": 3.4199999999999995
            },
            "Legendary": {
                "count": 60,
                "percent": 0.1,
                "floorPrice": 19.95
            }
        },
        "weapons": {
            "Tesla Gun X": {
                "count1*": 17316,
                "floorPrice": 0.04666666666666667,
                "percent1*": 0.22166182362805464
            },
            "Boomstick-X": {
                "count1*": 16977,
                "floorPrice": 0.04666666666666667,
                "percent1*": 0.21732229035189904
            },
            "Blaster-X": {
                "count1*": 16441,
                "floorPrice": 0.06666666666666667,
                "percent1*": 0.21046096340198928
            },
            "Mortar Gun X": {
                "count1*": 15134,
                "floorPrice": 0.03333333333333333,
                "percent1*": 0.1937300784700265
            },
            "Railgun-X": {
                "count1*": 12251,
                "floorPrice": 0.03,
                "percent1*": 0.15682484414803058
            },
            "Dragonbreath": {
                "count1*": 3687,
                "floorPrice": 0.3666666666666667,
                "percent1*": 0.49029255319148934
            },
            "Hellfire Launcher": {
                "count1*": 2406,
                "floorPrice": 0.4666666666666666,
                "percent1*": 0.3199468085106383
            },
            "Skybreaker": {
                "count1*": 1424,
                "floorPrice": 0.30333333333333334,
                "percent1*": 0.18936170212765957
            },
            "Titan Shredder": {
                "count1*": 3,
                "floorPrice": 143.98222222222222,
                "percent1*": 0.00039893617021276594
            }
        }
    }
}