{
    "CRT/EGLD": 0.00011920666584992,
    "floorPrice": {
        "genesis": {
            "Bronze": {
                "count": 5686,
                "percent": 0.3498431058881437,
                "floorPrice": 0.7000000000000001
            },
            "Epic": {
                "count": 2034,
                "percent": 0.12514612686888574,
                "floorPrice": 2.5
            },
            "Gold": {
                "count": 2848,
                "percent": 0.17522918845751553,
                "floorPrice": 1.344
            },
            "Legendary": {
                "count": 809,
                "percent": 0.04977542607518612,
                "floorPrice": 8.0
            },
            "Silver": {
                "count": 4876,
                "percent": 0.30000615271026887,
                "floorPrice": 0.747
            }
        },
        "heroes": {
            "Epic": {
                "count": 190,
                "percent": 0.31666666666666665,
                "floorPrice": 7.8
            },
            "Gold": {
                "count": 350,
                "percent": 0.5833333333333334,
                "floorPrice": 4.38
            },
            "Legendary": {
                "count": 60,
                "percent": 0.1,
                "floorPrice": 25.549999999999997
            }
        },
        "weapons": {
            "Boomstick-X": {
                "count1*": 15801,
                "floorPrice": 0.06999999999999999,
                "percent1*": 0.21735123387163333
            },
            "Tesla Gun X": {
                "count1*": 15106,
                "floorPrice": 0.05888888888888889,
                "percent1*": 0.2077911359322127
            },
            "Blaster-X": {
                "count1*": 14968,
                "floorPrice": 0.05888888888888889,
                "percent1*": 0.20589287188093208
            },
            "Mortar Gun X": {
                "count1*": 14762,
                "floorPrice": 0.03333333333333333,
                "percent1*": 0.2030592313406146
            },
            "Railgun-X": {
                "count1*": 12061,
                "floorPrice": 0.03333333333333333,
                "percent1*": 0.16590552697460728
            },
            "Dragonbreath": {
                "count1*": 3844,
                "floorPrice": 0.35,
                "percent1*": 0.5982879377431907
            },
            "Hellfire Launcher": {
                "count1*": 1371,
                "floorPrice": 0.4722222222222222,
                "percent1*": 0.2133852140077821
            },
            "Skybreaker": {
                "count1*": 1207,
                "floorPrice": 0.35000000000000003,
                "percent1*": 0.18785992217898834
            },
            "Titan Shredder": {
                "count1*": 3,
                "floorPrice": 140.8166666666667,
                "percent1*": 0.0004669260700389105
            }
        }
    }
}