{
    "CRT/EGLD": 6.8816313441168e-05,
    "floorPrice": {
        "genesis": {
            "Bronze": {
                "count": 5687,
                "percent": 0.349861581051984,
                "floorPrice": 0.34
            },
            "Epic": {
                "count": 2034,
                "percent": 0.12513072900645955,
                "floorPrice": 1.104
            },
            "Gold": {
                "count": 2848,
                "percent": 0.175207628422024,
                "floorPrice": 0.55
            },
            "Legendary": {
                "count": 809,
                "percent": 0.049769301753306676,
                "floorPrice": 3.19
            },
            "Silver": {
                "count": 4877,
                "percent": 0.3000307597662258,
                "floorPrice": 0.292
            }
        },
        "heroes": {
            "Epic": {
                "count": 190,
                "percent": 0.31666666666666665,
                "floorPrice": 1.42
            },
            "Gold": {
                "count": 350,
                "percent": 0.5833333333333334,
                "floorPrice": 2.5
            },
            "Legendary": {
                "count": 60,
                "percent": 0.1,
                "floorPrice": 4.06
            }
        },
        "weapons": {
            "Boomstick-X": {
                "count1*": 16887,
                "floorPrice": 0.01074074074074074,
                "percent1*": 0.21414441147378832
            },
            "Tesla Gun X": {
                "count1*": 16259,
                "floorPrice": 0.007777777777777778,
                "percent1*": 0.20618072991960232
            },
            "Blaster-X": {
                "count1*": 16173,
                "floorPrice": 0.009259259259259259,
                "percent1*": 0.20509016206345584
            },
            "Mortar Gun X": {
                "count1*": 16139,
                "floorPrice": 0.007777777777777778,
                "percent1*": 0.20465900732963047
            },
            "Railgun-X": {
                "count1*": 13400,
                "floorPrice": 0.0013703703703703703,
                "percent1*": 0.16992568921352305
            },
            "Dragonbreath": {
                "count1*": 3986,
                "floorPrice": 0.11777777777777779,
                "percent1*": 0.587905604719764
            },
            "Skybreaker": {
                "count1*": 1420,
                "floorPrice": 0.03111111111111111,
                "percent1*": 0.20943952802359883
            },
            "Hellfire Launcher": {
                "count1*": 1371,
                "floorPrice": 0.25,
                "percent1*": 0.20221238938053096
            },
            "Titan Shredder": {
                "count1*": 3,
                "floorPrice": 114.25,
                "percent1*": 0.0004424778761061947
            }
        }
    }
}