{
    "CRT/EGLD": 0.0001190207383572,
    "floorPrice": {
        "genesis": {
            "Bronze": {
                "count": 5686,
                "percent": 0.3498431058881437,
                "floorPrice": 0.65
            },
            "Epic": {
                "count": 2034,
                "percent": 0.12514612686888574,
                "floorPrice": 2.674
            },
            "Gold": {
                "count": 2848,
                "percent": 0.17522918845751553,
                "floorPrice": 1.5
            },
            "Legendary": {
                "count": 809,
                "percent": 0.04977542607518612,
                "floorPrice": 8.0
            },
            "Silver": {
                "count": 4876,
                "percent": 0.30000615271026887,
                "floorPrice": 0.747
            }
        },
        "heroes": {
            "Epic": {
                "count": 190,
                "percent": 0.31666666666666665,
                "floorPrice": 8.33
            },
            "Gold": {
                "count": 350,
                "percent": 0.5833333333333334,
                "floorPrice": 4.38
            },
            "Legendary": {
                "count": 60,
                "percent": 0.1,
                "floorPrice": 25.549999999999997
            }
        },
        "weapons": {
            "Boomstick-X": {
                "count1*": 15669,
                "floorPrice": 0.07777777777777778,
                "percent1*": 0.21745284982722013
            },
            "Tesla Gun X": {
                "count1*": 14994,
                "floorPrice": 0.06666666666666667,
                "percent1*": 0.20808526583121695
            },
            "Blaster-X": {
                "count1*": 14795,
                "floorPrice": 0.06,
                "percent1*": 0.20532356329017307
            },
            "Mortar Gun X": {
                "count1*": 14649,
                "floorPrice": 0.03333333333333333,
                "percent1*": 0.2032973895665931
            },
            "Railgun-X": {
                "count1*": 11950,
                "floorPrice": 0.03666666666666667,
                "percent1*": 0.16584093148479676
            },
            "Dragonbreath": {
                "count1*": 3844,
                "floorPrice": 0.36666666666666664,
                "percent1*": 0.5982879377431907
            },
            "Hellfire Launcher": {
                "count1*": 1371,
                "floorPrice": 0.8333333333333334,
                "percent1*": 0.2133852140077821
            },
            "Skybreaker": {
                "count1*": 1207,
                "floorPrice": 0.3666666666666667,
                "percent1*": 0.18785992217898834
            },
            "Titan Shredder": {
                "count1*": 3,
                "floorPrice": 147.52222222222224,
                "percent1*": 0.0004669260700389105
            }
        }
    }
}