{
    "CRT/EGLD": 0.00011845652833556,
    "floorPrice": {
        "genesis": {
            "Bronze": {
                "count": 5686,
                "percent": 0.3498646320452867,
                "floorPrice": 0.7000000000000001
            },
            "Epic": {
                "count": 2034,
                "percent": 0.12515382722126508,
                "floorPrice": 2.68
            },
            "Gold": {
                "count": 2848,
                "percent": 0.1752399704651735,
                "floorPrice": 1.584
            },
            "Legendary": {
                "count": 808,
                "percent": 0.04971695791287226,
                "floorPrice": 8.0
            },
            "Silver": {
                "count": 4876,
                "percent": 0.3000246123554024,
                "floorPrice": 0.65
            }
        },
        "heroes": {
            "Epic": {
                "count": 190,
                "percent": 0.31666666666666665,
                "floorPrice": 8.33
            },
            "Gold": {
                "count": 350,
                "percent": 0.5833333333333334,
                "floorPrice": 4.38
            },
            "Legendary": {
                "count": 60,
                "percent": 0.1,
                "floorPrice": 25.549999999999997
            }
        },
        "weapons": {
            "Boomstick-X": {
                "count1*": 15556,
                "floorPrice": 0.1,
                "percent1*": 0.21773087366682528
            },
            "Tesla Gun X": {
                "count1*": 14901,
                "floorPrice": 0.05,
                "percent1*": 0.20856311060101335
            },
            "Blaster-X": {
                "count1*": 14701,
                "floorPrice": 0.06666666666666667,
                "percent1*": 0.2057637936343532
            },
            "Mortar Gun X": {
                "count1*": 14541,
                "floorPrice": 0.031111111111111114,
                "percent1*": 0.2035243400610251
            },
            "Railgun-X": {
                "count1*": 11747,
                "floorPrice": 0.026666666666666665,
                "percent1*": 0.16441788203678304
            },
            "Dragonbreath": {
                "count1*": 3862,
                "floorPrice": 0.33111111111111113,
                "percent1*": 0.607041810751336
            },
            "Hellfire Launcher": {
                "count1*": 1290,
                "floorPrice": 0.43222222222222223,
                "percent1*": 0.2027664256523106
            },
            "Skybreaker": {
                "count1*": 1207,
                "floorPrice": 0.3666666666666667,
                "percent1*": 0.18972021376925496
            },
            "Titan Shredder": {
                "count1*": 3,
                "floorPrice": 147.52222222222224,
                "percent1*": 0.00047154982709839675
            }
        }
    }
}