{
    "CRT/EGLD": 0.00011846403091445,
    "floorPrice": {
        "genesis": {
            "Bronze": {
                "count": 5686,
                "percent": 0.3498646320452867,
                "floorPrice": 0.598
            },
            "Epic": {
                "count": 2034,
                "percent": 0.12515382722126508,
                "floorPrice": 2.594
            },
            "Gold": {
                "count": 2848,
                "percent": 0.1752399704651735,
                "floorPrice": 1.484
            },
            "Legendary": {
                "count": 808,
                "percent": 0.04971695791287226,
                "floorPrice": 8.0
            },
            "Silver": {
                "count": 4876,
                "percent": 0.3000246123554024,
                "floorPrice": 0.65
            }
        },
        "heroes": {
            "Epic": {
                "count": 190,
                "percent": 0.31666666666666665,
                "floorPrice": 8.33
            },
            "Gold": {
                "count": 350,
                "percent": 0.5833333333333334,
                "floorPrice": 4.38
            },
            "Legendary": {
                "count": 60,
                "percent": 0.1,
                "floorPrice": 25.549999999999997
            }
        },
        "weapons": {
            "Boomstick-X": {
                "count1*": 15660,
                "floorPrice": 0.08666666666666667,
                "percent1*": 0.2174456385903524
            },
            "Tesla Gun X": {
                "count1*": 14982,
                "floorPrice": 0.06666666666666667,
                "percent1*": 0.20803132550195785
            },
            "Blaster-X": {
                "count1*": 14786,
                "floorPrice": 0.08333333333333333,
                "percent1*": 0.2053097836651948
            },
            "Mortar Gun X": {
                "count1*": 14645,
                "floorPrice": 0.04666666666666667,
                "percent1*": 0.20335193979282956
            },
            "Railgun-X": {
                "count1*": 11945,
                "floorPrice": 0.026666666666666665,
                "percent1*": 0.16586131244966537
            },
            "Dragonbreath": {
                "count1*": 3916,
                "floorPrice": 0.36666666666666664,
                "percent1*": 0.6052550231839258
            },
            "Hellfire Launcher": {
                "count1*": 1344,
                "floorPrice": 0.8333333333333334,
                "percent1*": 0.20772797527047915
            },
            "Skybreaker": {
                "count1*": 1207,
                "floorPrice": 0.3333333333333333,
                "percent1*": 0.1865533230293663
            },
            "Titan Shredder": {
                "count1*": 3,
                "floorPrice": 134.1111111111111,
                "percent1*": 0.0004636785162287481
            }
        }
    }
}